변수명,상관계수
12-18시_생산가능,0.7737740757256936
12-18시_총,0.7578105642197056
12-18시_LONG,0.7572576224958067
06-12시_생산가능,0.7535960436056678
18-24시_LONG,0.722448708164011
12-18시_유소년,0.7202304059887822
06-12시_LONG,0.7059961781158913
18-24시_TEMP,0.6793350297415477
18-24시_생산가능,0.6761973826341735
00-06시_LONG,0.671312088619726
06-12시_총,0.6708492413989023
00-06시_TEMP,0.6706493107056822
12-18시_TEMP,0.6698323978905438
06-12시_TEMP,0.6687689244974641
12-18시_고령,0.620935759297863
06-12시_유소년,0.6202043416460612
18-24시_총,0.541248103918361
18-24시_유소년,0.49740366978492007
06-12시_고령,0.4937917308610298
00-06시_생산가능,0.4465102540801577
00-06시_총,0.32822767585712986
생산가능_인구밀도,0.30189777634546777
00-06시_유소년,0.2968055324907522
18-24시_고령,0.2845717886190931
총_인구밀도,0.25471587674996093
고령_인구밀도,0.22453072511740663
00-06시_고령,0.1823948162656645
유소년_인구밀도,0.032215117866501344
